Item Name,Item Code
TAPE: BLACK,905-11600-000
TAPE: WHITE,905-12100-000
TAPE: RED,905-11550-000
TAPE: GREEN,905-10950-000
CLEAR SILICONE,905-21250-000
PVC GLUE,905-11400-000
COLD WATER CLAMP,145-11500-000
LARGE STAPLES,900-11200-000
MEDIUM STAPLES,900-11150-000
SMALL STAPLES,900-11000-000
GRN-TAP 4 BARREL LUG,145-10050-000
12/2 COPPERWELD,100-12000-000
WIRE NUTS (RED),125-21200-000
WIRE NUTS (GREEN),900-14000-000
GROUND ROD,145-10850-000
GROUND ROD CLAMP,125-12400-000
REBAR (3 FT),145-11450-000
12/3 COPPERWELD,100-11750-000
DIRECT BURIAL CLAMP,125-11550-000
POLARIS LUGS,125-23600-000
BIG NAIL PLATE,120-20550-000
"RCSD CAN 6"" (HALO)",135-11550-000
"RCSD CAN 4"" (HALO)",135-11450-000
10/2 COPPERWELD,100-11700-000
METER CAN,105-30400-000
14/2 ROMEX,100-12350-000
14/3 ROMEX,100-12450-000
12/2 ROMEX,100-12400-000
10/2 ROMEX,100-12550-000
10/3 ROMEX,100-12500-000
8/2 COPPERWELD,100-11950-000
8/3 COPPERWELD,100-11900-000
12/2 UF ROMEX,100-12100-000
14/2 UF ROMEX,100-12250-000
14/3 UF ROMEX,100-12300-000
10/2 UF ROMEX,100-12050-000
#6 SEU 2-WIRE AL-FT.,100-10600-000
#6 SER 4-WIRE AL-FT.,100-10150-000
#4 SEU 2-WIRE AL-FT.,100-10550-000
#2 SEU 2-WIRE AL-FT.,100-10500-000
#8 BARE COPPER,100-14200-000
#6 BARE COPPER,100-14150-000
#4 BARE COPPER,100-14100-000
4/O SEU 2-WIRE AL-FT.,100-10900-000
#2 SER 4-WIRE AL-FT,100-10050-000
4/O SER 4-WIRE AL-FT.,100-10400-000
6/3 ROMEX-CAR CHARGER,100-12700-000
#10 THHN BLACK FT.,100-14850-000
#10 THHN GREEN FT.,100-14900-000
#8 THHN BLACK FT.,100-14750-000
#6 THHN BLACK FT.,100-14550-000
#4 THHN BLACK FT.,100-14500-000
ARC FAULT 15A CH,105-13300-000
ARC FAULT 15A HL,105-18500-000
ARC FAULT 15A SM,105-24400-000
ARC FAULT 15A QO,105-25200-000
ARC FAULT 15A BR,105-12650-000
ARC FAULT 20A CH,105-13350-000
ARC FAULT 20A HL,105-18700-000
ARC FAULT 20A SM,105-24450-000
ARC FAULT 20A QO,105-25500-000
ARC FAULT 20A BR,105-12750-000
HANDLE TIE CH,105-15250-000
HANDLE TIE HL,105-18850-000
HANDLE TIE SM,105-16575-000
HANDLE TIE QO,105-26500-000
HANDLE TIE BR,105-33200-000
15A-120V CH,105-14300-000
15A-120V HL,105-18300-000
15A-120V SM,105-23200-000
15A-120V QO,105-25050-000
15A-120V BR,105-11300-000
20A-120V CH,105-14350-000
20A-120V HL,105-18550-000
20A-120V SM,105-23350-000
20A-120V QO,105-25300-000
20A-120V BR,105-11350-000
ARC/GFI Combo 15A CH,105-17600-000
ARC/GFI Combo 15A HL,105-18410-000
ARC/GFI Combo 15A SM,105-23300-000
ARC/GFI Combo 15A QO,105-25100-000
ARC/GFI Combo 15A BR,105-12350-000
ARC/GFI Combo 20A CH,105-17650-000
ARC/GFI Combo 20A HL,105-18750-000
ARC/GFI Combo 20A SM,105-23450-000
ARC/GFI Combo 20A QO,105-25550-000
ARC/GFI Combo 20A BR,105-12400-000
15A-240V CH,105-14400-000
15A-240V HL,105-19100-000
15A-240V SM,105-23700-000
15A-240V QO,105-26900-000
15A-240V BR,105-11600-000
20A-240V CH,105-14450-000
20A-240V HL,105-19150-000
20A-240V SM,105-23750-000
20A-240V QO,105-27050-000
20A-240V BR,105-11650-000
25A-240V CH,105-14500-000
25A-240V HL,105-19200-000
25A-240V SM,105-23950-000
25A-240V QO,105-27150-000
25A-240V BR,105-11700-000
30A-240V CH,105-14550-000
30A-240V HL,105-19250-000
30A-240V SM,105-24000-000
30A-240V QO,105-27200-000
30A-240V BR,105-11750-000
35A-240V CH,105-31250-000
35A-240V HL,105-19300-000
35A-240V SM,105-24100-000
35A-240V QO,105-27300-000
35A-240V BR,105-11800-000
40A-240V CH,105-14650-000
40A-240V HL,105-19400-000
40A-240V SM,105-24150-000
40A-240V QO,105-27350-000
40A-240V BR,105-11850-000
45A-240V CH,105-14700-000
45A-240V HL,105-19500-000
45A-240V SM,105-24200-000
45A-240V QO,105-27450-000
45A-240V BR,105-11900-000
50A-240V CH,105-14750-000
50A-240V HL,105-19550-000
50A-240V SM,105-24250-000
50A-240V QO,105-27550-000
50A-240V BR,105-11950-000
60A-240V CH,105-13800-000
60A-240V HL,105-19600-000
60A-240V SM,105-24300-000
60A-240V QO,105-27650-000
60A-240V BR,105-12000-000
70A-240V CH,105-13850-000
70A-240V HL,105-19650-000
70A-240V SM,105-24310-000
70A-240V QO,105-27800-000
70A-240V BR,105-12500-000
80A-240V CH,105-13900-000
80A-240V HL,105-19700-000
80A-240V SM,105-24340-000
80A-240V QO,105-27850-000
80A-240V BR,105-12050-000
90A-240V CH,105-13950-000
90A-240V HL,105-19750-000
90A-240V SM,105-24350-000
90A-240V QO,105-27900-000
90A-240V BR,105-12150-000
100A-240V CH,105-13450-000
100A-240V HL,105-19000-000
100A-240V SM,105-23600-000
100A-240V QO,105-26700-000
100A-240V BR,105-11500-000
PANEL Main Breaker (42) CH,105-14000-000
PANEL Main Breaker (40) HL,105-19900-000
PANEL Main Breaker (40) SM,105-23120-000
PANEL Main Breaker (42) QO,105-26150-000
PANEL Main Breaker (40) BR,105-13100-000
PANEL MAIN LUG (42) CH,105-19900-000
PANEL MAIN LUG (30) HL,105-19850-000
PANEL MAIN LUG (40) SM,105-28910-000
PANEL MAIN LUG (42) QO,105-26100-000
PANEL MAIN LUG (30) BR,105-13050-000
PANEL SMALL LUG (24) CH,105-14250-000
PANEL SMALL LUG (24) HL,105-19450-000
PANEL SMALL LUG (24) SM,105-28875-000
PANEL SMALL LUG (24) QO,105-25600-000
PANEL SMALL LUG (24) BR,
PANEL COVER MB (42) CH,105-15700-000
PANEL COVER MB (40) HL,???
PANEL COVER MB (40) SM,???
PANEL COVER MB (42) QO,105-28300-000
PANEL COVER MB (40) BR,Billing
PANEL COVER LUG (42) CH,105-15700-000
PANEL COVER LUG (30) HL,???
PANEL COVER LUG (40) SM,???
PANEL COVER LUG (42) QO,105-28300-000
PANEL COVER LUG (30) BR,Billing
PANEL COVER SMALL (24) CH,105-15650-000
PANEL COVER SMALL (24) HL,???
PANEL COVER SMALL (24) SM,???
PANEL COVER SMALL (24) QO,105-28100-000
NEUTRAL LUG,105-15400-000
X2 BARREL LUG,145-11000-000
PANEL LOCK / PADLOCK CH,105-29100-000
PANEL LOCK / PADLOCK HL,105-32050-000
PANEL LOCK / PADLOCK SM,105-31400-000
PANEL LOCK / PADLOCK QO,105-23000-000
PANEL LOCK / PADLOCK BR,
PANEL COVER SCREWS,900-14750-000
BRKR LOCK-1 POLE HL,105-18900-000
BRKR LOCK-1 POLE SM,105-16450-000
BRKR LOCK-1 POLE QO,105-26600-000
BRKR LOCK-1 POLE BR,105-12300-000
BRKR LOCK-2 POLE CH,105-15550-000
BRKR LOCK-2 POLE HL,105-19800-000
BRKR LOCK-2 POLE SM,105-16500-000
BRKR LOCK-2 POLE QO,105-30700-000
BRKR LOCK-2 POLE BR,105-33250-000
PANEL BLANK CH,105-15200-000
PANEL BLANK HL,105-20050-000
PANEL BLANK SM,105-31000-000
PANEL BLANK QO,105-28400-000
PANEL BLANK BR,
LUG CONVERSION KIT- CH,105-15600-000
200 AMP MAIN BREAKER- CH,105-16200-000
STAK IT,900-30800-000
METER MAIN BREAKER (8/16) CH,105-15900-000
METER MAIN BREAKER (8/16) HL,105-28850-000
METER MAIN BREAKER (8/16) SM,105-21800-000
METER MAIN BREAKER (8/16) QO,105-24950-000
METER MAIN BREAKER (8/16) BR,105-16000-000
METER MAIN BREAKER 20/40 BR,105-33700-000
125 DISCONNECT-4/8 CH,105-14050-000
125 DISCONNECT-4/8 HL,105-19950-000
125 DISCONNECT-4/8 SM,105-30800-000
125 DISCONNECT-4/8 QO,---
125 DISCONNECT-4/8 BR,
125 DISCONNECT-8/16 CH,105-12250-000
125 DISCONNECT-8/16 HL,105-20000-000
125 DISCONNECT-8/16 SM,105-30850-000
125 DISCONNECT-8/16 QO,---
125 DISCONNECT-8/16 BR,105-12250-000
GROUND BAR - CH,145-10200-000
GROUND BAR - HL,105-22700-000
320A METER/DISCONNECTS METER,105-10000-000
320A METER/DISCONNECTS,105-14100-000
60 A DISCONNECT,105-10950-000
"6-32X (1"")",900-15650-000
"6-32X (1 1/2"")",900-15600-000
"6-32X (2"")",900-15750-000
"8-32X (1"")",900-16800-000
"8-32X (1 1/2"")",900-16750-000
"8-32X (2"")",900-16950-000
"10-32X (1"")",900-10550-000
"10-32X (1 1/2"")",900-10350-000
"10-32X (2"")",900-10650-000
TOGGLE BOLTS,900-13200-000
PLASTIC ANCHOR,900-21000-000
CABLE TIE,900-17800-000
10-32X3/8 GRN GRD SCR,900-18950-000
"1/2"" Squeeze",125-12470-000
"1/2"" Squeeze 90",125-12300-000
"3/4"" Squeeze",125-12480-000
"3/4"" Squeeze 90",125-12350-000
BLUE WIRE NUTS,125-23700-000
GROUNDING CLIPS,125-14250-000
GROUNDING LUG,145-11350-000
MIDGET CLIPS #6,125-16450-000
APPLIANCE CORD,120-15900-000
1 GANG NAIL UP,115-10100-000
NAIL PLATES,120-21100-000
2 GANG NAIL UP BOX,115-10700-000
3 GANG NAIL UP BOX,115-10950-000
4 GANG NAIL UP BOX,115-11250-000
"4""-ROUND CEILING BOX",115-19550-000
"4""-ROUND BAR BOX",115-20150-000
FIRE PLACE BOX,115-19900-000
Fan Pancake,115-17250-000
Fan Pan Metal,115-17600-000
"PLASTIC ROMEX CONN 1/2""",125-17050-000
"PLASTIC ROMEX CONN 3/4""",125-17100-000
FAN BAR BOX,115-23450-000
OCTAGON BOX,115-20200-000
OCTAGON EXTENSION,120-14800-000
1 GANG HORIZONTAL,115-20950-000
"HANDY BOX (1-1/2'"")",115-11900-000
"HANDY BOX (1-7/8"")",115-23100-000
POCKET DOOR POP-IN,115-13600-000
POCKET DOOR NAIL-UP,115-23300-000
FLOOR RECEP BOX,115-15450-000
"BRICK BOX 2 1/2"" DEEP",115-23000-000
"4X4 BOX 1 1/2"" DEEP",115-11550-000
4X4 EXTENSION RING,115-11400-000
SQ COVER METAL,120-14600-000
SQ 4X4 METAL BOX,115-11350-000
"WP OUTLET BOXES (1/2"")",120-20200-000
"WP OUTLET BOXES (3/4"")",115-24200-000
"WP OTLT BOXES 2 GANG (1/2"")",120-12000-000
"WP OTLT BOXES 2 GANG (3/4"")",115-10550-000
WP BLANK PLATE (1-G),120-16300-000
WP BLANK PLATE (2-G),115-10650-000
Receptacle W,120-25550-000
DECOR REC BLACK,120-25350-000
DÉCOR SGL POLE SWT WHITE,120-18500-000
DÉCOR SGL POLE SWT BLACK,120-18300-000
DÉCOR SGL POLE SWT BROWN,120-18350-000
DÉCOR SGL POLE SWT GRAY,120-18400-000
DECOR 3 WAY SWT WHITE,120-17750-000
DECOR 3 WAY SWT BLACK,120-17950-000
DECOR 3 WAY SWT BROWN,120-18000-000
DECOR 3 WAY SWT GRAY,120-18050-000
DECOR 4 WAY SWT (W),120-17850-000
DECOR 4 WAY SWT (BL),120-18150-000
1 GANG DECOR PLATE (WHITE),120-10600-000
1 GANG DECOR PLATE (BLACK),120-10400-000
1 GANG DECOR PLATE GRAY,120-10500-000
2 GANG DECOR PLATE (WHITE),120-11900-000
2 GANG DECOR PLATE BLACK,120-11750-000
2 GANG DECOR PLATE GRAY,120-27600-000
3 GANG DECOR PLATE (WHITE),120-12650-000
3 GANG DECOR PLATE BLACK,120-12750-000
3 GANG DECOR PLATE GRAY,120-27650-000
4 GANG DECOR PLATE (WHITE),120-14050-000
4 GANG DECOR PLATE BLACK,120-14100-000
4 GANG DECOR PLATE GRAY,120-14200-000
DEAD FACE GFI,120-11500-000
USB REC White,120-24950-000
USB REC Black,120-25000-000
USB REC Brown,--
USB REC Gray,--
OCCUPANCY SWITCH,120-20800-000
DOOR SWITCH,120-18700-000
NIGHT LIGHT RECEPTACLE,120-20850-000
DRYER RECPT FLUSH,120-20000-000
RANGE RECEPT SURFACE,120-14850-000
DRYER RECPT COOPER,120-16600-000
RANGE RECEPT COOPER,120-16500-000
DRYER RECEPT QO,120-23400-000
RANGE RECEPT QO,120-23450-000
DRYER PLATE P&S,120-11950-000
DRYER PLATE COOPER,120-16850-000
DRYER PLATE QO,120-24050-000
LEVITON CAR CHARGER PLATE,120-30600-000
FLUSH MNT RANGE,120-20100-000
LEVITON CAR CHARGER,120-30400-000
DIMMER TOGGLE,120-15950-000
DIMMER DECOR,120-19250-000
Z WAVE SWITCH-TOGGLE,120-13850-000
Z WAVE SWITCH-DÉCOR,120-29950-000
STEP LIGHTS,120-15350-000
CABLE PLATEP&S,120-20950-000
CABLE PLATECooper,120-21050-000
CABLE PLATE W/CONN,120-20050-000
PHONE FLUSH (W),120-21050-000
1 GANG BLANK W,120-22400-000
1 GANG BLANK EATON,120-16900-000
1 GANG BLANK BK,PENDING
1 GANG BLANK BR,--
1 GANG BLANK GR,--
1 GANG BLANK QO,120-23600-000
2 GANG BLANK W,120-11700-000
2 GANG BLANK EATON,120-17000-000
2 GANG BLANK BK,--
2 GANG BLANK BR,--
2 GANG BLANK GR,--
2 GANG BLANK QO,--
3 GANG BLANK W,120-12700-000
3 GANG BLANK EATON,--
3 GANG BLANK BK,--
3 GANG BLANK BR,--
3 GANG BLANK GR,--
3 GANG BLANK QO,--
4 GANG BLANK W,120-22950-000
4 GANG BLANK EATON,--
4 GANG BLANK BK,--
4 GANG BLANK BR,--
4 GANG BLANK GR,--
4 GANG BLANK QO,--
1 GANG SWTPLT W,120-11350-000
1 GANG SWTPLT EATON,120-16950-000
1 GANG SWTPLT BK,120-11200-000
1 GANG SWTPLT BR,120-11400-000
1 GANG SWTPLT GR,120-11450-000
1 GANG SWTPLT QO,120-23700-000
2 GANG SWTPLT W,120-12350-000
2 GANG SWTPLT EATON,120-17000-000
2 GANG SWTPLT BK,120-12400-000
2 GANG SWTPLT BR,120-12450-000
2 GANG SWTPLT GR,120-12500-000
2 GANG SWTPLT QO,120-23750-000
3 GANG SWTPLT W,120-13050-000
3 GANG SWTPLT EATON,120-17100-000
3 GANG SWTPLT BK,120-13100-000
3 GANG SWTPLT BR,120-13150-000
3 GANG SWTPLT GR,120-13200-000
3 GANG SWTPLT QO,120-23800-000
4 GANG SWTPLT W,120-14400-000
4 GANG SWTPLT EATON,120-17150-000
4 GANG SWTPLT BK,120-14450-000
4 GANG SWTPLT BR,120-14500-000
4 GANG SWTPLT GR,120-14550-000
4 GANG SWTPLT QO,120-23850-000
2-GNG CMBO PLT RECEPTICLE,120-24600-000
2-GNG CMBO PLT DECOR,120-24500-000
3-GNG CMBO PLT RECEPTICLE,120-24750-000
3-GNG CMBO PLT DECOR,120-24650-000
4-GNG CMBO PLT RECEPTICLE,120-24900-000
4-GNG CMBO PLT DECOR,120-24800-000
QUAD PLATE (W),120-12200-000
Stack SWT SP-SP,120-24300-000
Decor SS SP-SP,120-21200-000
Cooper SS SP-SP,120-16750-000
Stack SWT SP-3W,120-24250-000
Decor SS SP-3W,120-21250-000
Cooper SS SP-3W,120-16800-000
20A DBL POLE SWITCH,120-17600-000
1 POLE SWT W,120-22850-000
1 POLE SWT Cooper,120-16750-000
1 POLE SWT BLK,120-22600-000
1 POLE SWT GR,120-22700-000
1 POLE SWT BR,120-22650-000
3 WAY SWT W,120-13450-000
3 WAY SWT Cooper,120-16700-000
3 WAY SWT BLK,120-13350-000
3 WAY SWT BR,120-13400-000
3 WAY SWT GR,--
4 WAY SWT W,120-14800-000
4 WAY SWT Cooper,120-16550-000
4 WAY SWT BLK,115-11550-000
4 WAY SWT BR,--
4 WAY SWT GR,--
ROUND FLOOR LEVELING RING,115-18150-000
Round Floor Recepticle Cover PLASTIC,115-18200-000
Round Floor Recepticle Cover Brass,120-19800-000
Round Floor Recepticle Cover  Nickel,120-19850-000
Floor (POP-IN) 1 Recpt Brass,115-17050-000
Floor (POP-IN) 2 Recpt Brass,120-19450-000
Floor (POP-IN) 1 Recpt Nickel,120-19550-000
Floor (POP-IN) 2 Recpt Nickel,120-19500-000
DED RECEPTICLE P&S,120-25950-000
DED RECEPTICLE Cooper,120-17350-000
DED RECEPTICLE QO,120-23250-000
DED RECEPTICLE COVER P&S,120-22550-000
DED RECEPTICLE COVER Cooper,120-17250-000
DED RECEPTICLE COVER QO,120-23900-000
GFI RECEP,120-25850-000
GFI RECEP  BLK,120-10150-000
GFI RECEP EATON,120-17500-000
GFI RECEP BR,120-10100-000
GFI RECEP QO,120-23500-000
RECEPTACLE,120-25800-000
RECEPTACLE EATON,120-17400-000
RECEPTACLE BLK,120-25650-000
RECEPTACLE BR,120-25700-000
RECEPTACLE GR,120-26250-000
RECEPTACLE QO,120-23300-000
RECEP PLATE W,120-11050-000
RECEP PLATE EATON,120-17250-000
RECEP PLATE BLK,120-10700-000
RECEP PLATE BR,120-11000-000
RECEP PLATE GR,120-10950-000
RECEP PLATE QO,120-23950-000
WEATHERPROOF RECEPT,120-26300-000
WEATHERPROOF GFI RECP,120-26350-000
WEATHERPROOF GFI EATON,120-17550-000
WEATHERPROOF COVER (HDU),120-20200-000
WEATHERPROOF COVER (QO),120-24150-000
1G FIRE RINGS,115-20400-000
2G FIRE RINGS,115-14650-000
3G FIRE RINGS,115-14700-000
4G FIRE RINGS,115-14750-000
FIRE RINGS ROUND,115-14600-000
1 GANG POP-IN BOX,115-10150-000
1 GANG AJUSTABLE BOX,115-13650-000
2 GANG POP-IN BOX,115-10750-000
3 GANG POP-IN BOX,115-24150-000
ROUND BLANK PLATE,120-21700-000
ROUND POP-IN BOX,115-22300-000
6'' EYEBALL TRIM,135-10750-000
6'' RECESS LED BULB,135-11200-000
6'' RECESS CAN TRIM,135-10700-000
4'' EYEBALL TRIM AND BULB,135-14050-000
4'' RECESS CAN TRIM,135-10000-000
45 WATT RECESS BULB,135-10125-000
4'' Shower Trim Regular,105-10750-000
6'' Shower Trim Regular,135-11700-000
4'' Shower Trim Adjustable,135-13650-000
6'' Shower Trim Adjustable,135-11750-000
LED Retrofit Trim Maxim,135-12450-000
LED Retrofit Trim Megaman,135-11400-000
FLOOD LIGHT BOX,115-15750-000
FLOOD LIGHT COVER,135-13950-000
FLOOD LIGHT ARM,135-14000-000
FLOOD LIGHT BULB,135-14450-000
KEYLESS,135-14150-000
PULL-CHAIN,135-14200-000
60 WATT BULB,135-11150-000
SMOKE DETECTOR,150-10150-000
CARBON/SMOKE DETECTOR,150-10250-000
DOOR BELL KIT,120-18600-000
"Carlon Roll 1/2""",155-11750-000
"Carlon Roll 3/4""",155-11800-000
"Carlon Strts 1/2""",125-22250-000
"Carlon Strts 3/4""",125-22500-000
"Carlon 90 - 1/2""",125-22550-000
"Carlon 90 - 3/4""",125-16700-000
ON-Q-PANEL (SM),105-33750-000
ON-Q-PANEL(LG),115-16450-000
FAN NAIL ON BOX,115-22400-000
ON-Q-PANEL COVER SMALL,Billing?
ON-Q-PANEL COVER LARGE,Billing?
SMURF PIPE,155-11550-000
3/4 ALUM PIPE,155-10100-000
SNAP & SEAL CONNECTOR,120-15650-000
LED TAPE LIGHT,125-15600-000
LED TAPE LIGHT PIG TAILS,130-13150-000
LED TAPE LIGHT TRANSFORMER,130-12950-000
"RIGID MALE ADAPTER 3/4""",125-21400-000
"PVC MALE ADAPTER 1/2""",125-18750-000
"PVC MALE ADAPTER 3/4""",125-18350-000
"PVC MALE ADAPTER 1""",125-18150-000
"PVC MALE ADAPTER 1 1/4""",125-18250-000
"PVC MALE ADAPTER 1 1/2""",125-18200-000
"PVC MALE ADAPTER 2""",125-18900-000
2'' OFF SET MALE ADAPTER,125-20900-000
"INSULATING BUSHING 1/2""",125-12750-000
"INSULATING BUSHING 3/4""",125-13050-000
"INSULATING BUSHING 1""",125-12700-000
"INSULATING BUSHING 1 1/4""",125-12850-000
"INSULATING BUSHING 1 1/2""",125-12800-000
"INSULATING BUSHING 2""",125-12900-000
"LOCK NUT 1/2""",125-15850-000
"LOCK NUT 3/4""",125-16150-000
"LOCK NUT 1""",125-15800-000
"LOCK NUT 1 1/4""",125-15950-000
"LOCK NUT 1 1/2""",125-15900-000
"LOCK NUT 2""",125-16000-000
"PVC HUB 1""",125-18150-000
"PVC HUB 1 1/4""",125-12500-000
"PVC HUB 1 1/2""",125-12550-000
"PVC HUB 2""",125-18300-000
COMPRESSION COUP 3/4,125-21400-000
"COUPLING PVC 1/2""",125-19250-000
"COUPLING PVC 3/4""",125-19550-000
"COUPLING PVC 1""",125-19200-000
"COUPLING PVC 1 1/4""",125-19350-000
"COUPLING PVC 1 1/2""",125-19300-000
"COUPLING PVC 2""",125-19400-000
"COUPLING RIGID 1/2""",--
"COUPLING RIGID 3/4""",125-21700-000
"COUPLING RIGID 1""",--
"COUPLING RIGID `1 1/4""",--
"COUPLING RIGID 1 1/2""",--
"COUPLING RIGID 2""",--
"45'S PVC 1/2""",125-17300-000
"45'S PVC 3/4""",125-17600-000
"45'S PVC 1""",125-17250-000
"45'S PVC 1 1/4""",125-17400-000
"45'S PVC 1 1/2""",125-17350-000
"45'S PVC 2""",125-17450-000
"45'S RIGID 1/2""",--
"45'S RIGID 3/4""",--
"45'S RIGID 1""",--
"45'S RIGID 1 1/4""",--
"45'S RIGID 1 1/2""",--
"45'S RIGID 2""",--
"90'S PVC 1/2""",125-17750-000
"90'S PVC 3/4""",125-18050-000
"90'S PVC 1""",125-17700-000
"90'S PVC 1 1/4""",125-17850-000
"90'S PVC 1 1/2""",125-17800-000
"90'S PVC 2""",125-17900-000
"90'S RIGID 1/2""",--
"90'S RIGID 3/4""",125-21300-000
"90'S RIGID 1""",--
"90'S RIGID 1 1/4""",--
"90'S RIGID 1 1/2""",--
"90'S RIGID 2""",--
"PVC L-B 1/2""",125-20450-000
"PVC L-B 3/4""",125-20750-000
"PVC L-B 1""",125-20400-000
"PVC L-B 1 1/4""",125-20550-000
"PVC L-B 1 1/2""",125-20500-000
"PVC L-B 2""",125-20600-000
"CONDUIT PVC 1/2""",155-10750-000
"CONDUIT PVC 3/4""",155-11050-000
"CONDUIT PVC 1""",155-10700-000
"CONDUIT PVC 1 1/4""",155-10850-000
"CONDUIT PVC 1 1/2""",155-10800-000
"CONDUIT PVC 2""",155-10900-000
"CONDUIT RIGID 1/2""",--
"CONDUIT RIGID 3/4""",155-11700-000
"CONDUIT RIGID 1""",--
"CONDUIT RIGID 1 1/4""",--
"CONDUIT RIGID 1 1/2""",--
"CONDUIT RIGID 2""",--
"ROMEX CONNECTOR 1/2""",125-17050-000
"ROMEX CONNECTOR 3/4""",125-17100-000
"ROMEX CONNECTOR 1""",125-13200-000
"ROMEX CONNECTOR 1 1/4""",125-13300-000
"ROMEX CONNECTOR 1 1/2""",125-13400-000
"ROMEX CONNECTOR 2""",125-13500-000
P-25 (TINY HOLE) Quickflash,115-24100-000
P-50 (SMALL HOLE) Quickflash,115-24050-000
P-150 (LARGE HOLE) Quickflash,115-20350-000
E-PC4/0 Quickflash,115-16575-000
E-SGB-C 5/8 Quickflash,115-15950-000
"ONE HOLE STRAP 1/2""",900-11550-000
"ONE HOLE STRAP 3/4""",125-10800-000
"ONE HOLE STRAP 1""",900-11600-000
"ONE HOLE STRAP 1 1/4""",900-11650-000
"ONE HOLE STRAP 1 1/2""",900-11700-000
"ONE HOLE STRAP 2""",900-11750-000
"WSHR 3/4-1/2""",900-14250-000
"WSHR 1-1/2""",900-14300-000
"WSHR 1-3/4""",900-14350-000
WSHR 1 1/2-3/4,900-14500-000
"WSHR 2-1""",900-14400-000
"WSHR 3-2""",900-14600-000
"KO SEAL 1/2""",125-11900-000
"KO SEAL 3/4""",125-11950-000
"KO SEAL 1""",125-22000-000
"KO SEAL 1 1/4""",125-12000-000
"KO SEAL 1 1/2""",125-12050-000
"KO SEAL 2""",125-12100-000
DEAKO FACE PLATE 1 GANG,120-19000-000
DEAKO FACE PLATE 2 GANG,120-19050-000
DEAKO FACE PLATE 3 GANG,120-19100-000
DEAKO FACE PLATE 4 GANG,120-27800-000
DEAKO BACK PLATE 1 GANG,120-28000-000
DEAKO BACK PLATE 2 GANG,120-28050-000
DEAKO BACK PLATE 3 GANG,120-28100-000
DEAKO BACK PLATE 4 GANG,120-28150-000
DEAKO MULTI-WAY SWITCHES-3 WAY,120-19150-000
DEAKO MULTI-WAY SWITCHES-4 WAY,120-19200-000
LOW VOLTAGE WIRE,130-11250-000
RG6 CABLE WIRE,130-13050-000
CAT6 BOX,130-12200-000
AUGER BIT 3/4'',915-20000-000
"MASONRY BIT 1/4""",915-22100-000
"Hole Saw 3 5/8""",915-21050-000
"Hole Saw 4""",915-21200-000
ARBOR AND PILOT BIT,915-19350-000
SAW-SAW BLADE WOOD,915-22900-000
SAW-SAW BLADE METAL,915-22850-000
SERVICE WIRE BIT,915-23250-000
LOW VOLTAGE BIT,125-14000-000
2G Metal 1 Receptacle (1R),120-21800-000
2G Metal 2 Receptacle (2R),120-22050-000
2G Metal 1 Switch - 1 Receptacle (1S 1R),120-21950-000
2G Metal 1 Switch (1S),120-22100-000
2G Metal 2 Switch (2S),120-22000-000
2G Metal Dedicated (2D),120-21750-000
2G Metal Dryer,120-21850-000
2G Metal GFI,120-22150-000
PLASTER RINGS 1G,115-21200-000
PLASTER RINGS 2G,115-21250-000
SLOPE CAN (HALO),135-11800-000
SUPERSLOPE CAN (JUNO),135-11900-000
SLOPE TRIM (HALO),135-14950-000
SUPERSLOPE TRIM (JUNO),135-10650-000
MINI RECEP PLATE (W),120-10650-000
MINI SWITCH PLATE (1G),120-10750-000
MINI SWITCH PLATE (2G),120-12050-000
MINI SWITCH PLATE (3G),120-12900-000
MINI SWITCH PLATE (4G),120-14250-000
RANGE BOX (2G),115-22000-000
PANCAKE BOX,115-21000-000
"REMODEL CANS 6""",135-11600-000
"REMODEL CANS 4""",135-11500-000
HDMI  10',130-12450-000
HDMI  15',130-12500-000
HDMI  25',130-12600-000
HDMI PORT,120-13750-000
HDMI PORT PLATE,120-13800-000
CABLE F-COUPLER  (W),120-27050-000
PHONE END (WHITE),120-26950-000
CLEAR CAT 6 CONNECTOR,120-13700-000
CAT 6 PHONE END COUP,120-26900-000
1 HOLE PORT (W),120-26550-000
2 HOLE PORT (W),120-26600-000
BRUSH PLATE,130-11900-000
1 HOLE PORT JEWEL,120-26650-000
2 HOLE PORT JEWEL,120-26700-000
Putty Pad (Duct Seal) (C4),905-10350-000
20 AMP RECEPTICLES,120-28200-000
POP UP COUNTER POWER OUTLETS ALUM,900-11650-000
POP UP COUNTER POWER OUTLETS BLACK,310-10850-000
POP UP COUNTER POWER OUTLETS BRASS,900-11700-000
POP UP COUNTER POWER OUTLETS BRONZE,310-10900-000
POP UP COUNTER POWER OUTLETS CHROME,900-11750-000
POP UP COUNTER POWER OUTLETS NICKEL,115-24200-000
POP UP COUNTER POWER OUTLETS WHITE,120-10400-000
RING DOORBELL,120-21600-000
BRK SMART SMOKE/CARBON,150-10500-000
FIRST ALERT VIDEO DOORBELL,120-29150-000
DOORBELL TRANSFORMER,120-18650-000
TRANSFER SWITCH,120-22200-000
QUICKFLASH TAPE,905-10150-000
TYVEK FLEX TAPE,905-11950-000
ARC FAULT 15A PIG TAIL BR,105-33150-000
ARC FAULT 20A PIG TAIL BR,105-30350-000
ARC/GFI Combo 15A PIG TAIL BR,105-12350-000
ARC/GFI Combo 20A PIG TAIL BR,105-12400-000
PLUG MOLD,120-15000-000
PLUG MOLD ENDS,120-15025-000
6"  RAB EYEBALL TRIM,135-16300-000
4"  RAB EYEBALL TRIM,135-16350-000
PIGGY BACK 2/20 BR,105-11450-000
PIGGY BACK 20/20 HL,105-18980-000
PIGGY BACK 15/15 BR,105-33650-000
PIGGY BACK 15/15 HL,105-18960-000